YMD,PM2.5,PM10
2024-08-09T01:00:00Z,1.053470588,6.452607843
